rank,game_name,google_play_id,google_play_url,google_play
1,Whiteout Survival,com.gof.global,https://play.google.com/store/apps/details?id=com.gof.global,True
2,SOL: enchant,com.netmarble.sol,https://play.google.com/store/apps/details?id=com.netmarble.sol,True
3,Kingshot,com.run.tower.defense,https://play.google.com/store/apps/details?id=com.run.tower.defense,True
4,CookieRun: Crumble - Idle RPG,com.devsisters.cc,https://play.google.com/store/apps/details?id=com.devsisters.cc,True
5,리니지M,com.ncsoft.lineagem19,https://play.google.com/store/apps/details?id=com.ncsoft.lineagem19,True
6,Gossip Harbor: Merge & Story,com.mergegames.gossipharbor,https://play.google.com/store/apps/details?id=com.mergegames.gossipharbor,True
7,Last War:Survival Game,com.fun.lastwar.gp,https://play.google.com/store/apps/details?id=com.fun.lastwar.gp,True
8,Roblox,com.roblox.client,https://play.google.com/store/apps/details?id=com.roblox.client,True
9,Royal Match,com.dreamgames.royalmatch,https://play.google.com/store/apps/details?id=com.dreamgames.royalmatch,True
10,열혈강호: 넥스트,com.rxjhglkr.gp,https://play.google.com/store/apps/details?id=com.rxjhglkr.gp,True
11,MapleStory : Idle RPG,com.nexon.ma,https://play.google.com/store/apps/details?id=com.nexon.ma,True
12,오딘: 발할라 라이징,com.kakaogames.odin,https://play.google.com/store/apps/details?id=com.kakaogames.odin,True
13,한게임포커 클래식 : 7포커 홀덤 섯다 훌라 슬롯,com.nhnent.pokerclassic,https://play.google.com/store/apps/details?id=com.nhnent.pokerclassic,True
14,한게임 포커,com.nhnent.Qpoker,https://play.google.com/store/apps/details?id=com.nhnent.Qpoker,True
15,GODDESS OF VICTORY: NIKKE,com.proximabeta.nikke,https://play.google.com/store/apps/details?id=com.proximabeta.nikke,True
16,Zenless Zone Zero - Anniv.,com.HoYoverse.Nap,https://play.google.com/store/apps/details?id=com.HoYoverse.Nap,True
17,Lucky Defense,com.percent.aos.luckydefense,https://play.google.com/store/apps/details?id=com.percent.aos.luckydefense,True
18,Wuthering Waves - To Xuanfang,com.kurogame.wutheringwaves.global,https://play.google.com/store/apps/details?id=com.kurogame.wutheringwaves.global,True
19,Last Asylum: Plague,com.phs.global,https://play.google.com/store/apps/details?id=com.phs.global,True
20,Last Z: Survival Shooter,com.readygo.barrel.gp,https://play.google.com/store/apps/details?id=com.readygo.barrel.gp,True
21,Tasty Travels: Merge Game,com.fatmerge.global,https://play.google.com/store/apps/details?id=com.fatmerge.global,True
22,FC 모바일,com.nexon.fmk,https://play.google.com/store/apps/details?id=com.nexon.fmk,True
23,Gardenscapes,com.playrix.gardenscapes,https://play.google.com/store/apps/details?id=com.playrix.gardenscapes,True
24,Seaside Escape®: Merge & Story,com.gamedots.seasideescape,https://play.google.com/store/apps/details?id=com.gamedots.seasideescape,True
25,Brawl Stars,com.supercell.brawlstars,https://play.google.com/store/apps/details?id=com.supercell.brawlstars,True
26,메이플스토리M,com.nexon.nsc.maplem,https://play.google.com/store/apps/details?id=com.nexon.nsc.maplem,True
27,Royal Kingdom,com.dreamgames.royalkingdom,https://play.google.com/store/apps/details?id=com.dreamgames.royalkingdom,True
28,마비노기 모바일,com.nexon.devcat.mm,https://play.google.com/store/apps/details?id=com.nexon.devcat.mm,True
29,뱀피르,com.netmarble.thered,https://play.google.com/store/apps/details?id=com.netmarble.thered,True
30,트릭컬 리바이브,com.epidgames.trickcalrevive,https://play.google.com/store/apps/details?id=com.epidgames.trickcalrevive,True
31,Pmang Poker : Casino Royal,com.neowiz.games.poker,https://play.google.com/store/apps/details?id=com.neowiz.games.poker,True
32,hololive Dreams,game.qualiarts.hololive.dreams.com,https://play.google.com/store/apps/details?id=game.qualiarts.hololive.dreams.com,True
33,Lineage W,com.ncsoft.lineagew,https://play.google.com/store/apps/details?id=com.ncsoft.lineagew,True
34,킹덤2: 타오르는 전장,com.fowgames.kingdom2,https://play.google.com/store/apps/details?id=com.fowgames.kingdom2,True
35,컴투스프로야구V26,com.com2us.futurecpb.android.google.global.normal,https://play.google.com/store/apps/details?id=com.com2us.futurecpb.android.google.global.normal,True
36,한게임 섯다&맞고,com.NHNEnt.MSudda,https://play.google.com/store/apps/details?id=com.NHNEnt.MSudda,True
37,Honkai: Star Rail,com.HoYoverse.hkrpgoversea,https://play.google.com/store/apps/details?id=com.HoYoverse.hkrpgoversea,True
38,Zombie High School,net.kernys.aooni,https://play.google.com/store/apps/details?id=net.kernys.aooni,True
39,RF ONLINE NEXT,com.netmarble.rfnext,https://play.google.com/store/apps/details?id=com.netmarble.rfnext,True
40,Seven Knights Re:BIRTH,com.netmarble.tskgb,https://play.google.com/store/apps/details?id=com.netmarble.tskgb,True
41,Candy Crush Saga,com.king.candycrushsaga,https://play.google.com/store/apps/details?id=com.king.candycrushsaga,True
42,Coop TD: Together,com.percent.aos.cooptd,https://play.google.com/store/apps/details?id=com.percent.aos.cooptd,True
43,EA SPORTS FC Online M,com.nexon.fo4m,https://play.google.com/store/apps/details?id=com.nexon.fo4m,True
44,PUBG Mobile,com.pubg.krmobile,https://play.google.com/store/apps/details?id=com.pubg.krmobile,True
45,Flambé®: Merge & Cook,com.cola.game,https://play.google.com/store/apps/details?id=com.cola.game,True
46,Mystery Town: Merge Games,com.cedargames.mysterytown,https://play.google.com/store/apps/details?id=com.cedargames.mysterytown,True
47,Homescapes,com.playrix.homescapes,https://play.google.com/store/apps/details?id=com.playrix.homescapes,True
48,I9: 인페르노 나인,com.kr.firegp,https://play.google.com/store/apps/details?id=com.kr.firegp,True
49,AION2,com.ncsoft.aion2,https://play.google.com/store/apps/details?id=com.ncsoft.aion2,True
50,라그나로크M: Classic,com.gravity.romkrzeny.aos,https://play.google.com/store/apps/details?id=com.gravity.romkrzeny.aos,True
51,GIRLS' FRONTLINE 2: EXILIUM,com.haoplay.game.and.exilium,https://play.google.com/store/apps/details?id=com.haoplay.game.and.exilium,True
52,삼국지: 천하결전,com.bhk.newslgkr,https://play.google.com/store/apps/details?id=com.bhk.newslgkr,True
53,Genshin Impact,com.miHoYo.GenshinImpact,https://play.google.com/store/apps/details?id=com.miHoYo.GenshinImpact,True
54,Hollywood Merge,com.hollywood.merge,https://play.google.com/store/apps/details?id=com.hollywood.merge,True
55,뮤 모나크2,com.webzen.mumonarch2.google,https://play.google.com/store/apps/details?id=com.webzen.mumonarch2.google,True
56,Township,com.playrix.township,https://play.google.com/store/apps/details?id=com.playrix.township,True
57,State of Survival: Zombie War,com.kingsgroup.sos,https://play.google.com/store/apps/details?id=com.kingsgroup.sos,True
58,eFootballTM,jp.konami.pesam,https://play.google.com/store/apps/details?id=jp.konami.pesam,True
59,토이 삼국,com.jsjskr.google,https://play.google.com/store/apps/details?id=com.jsjskr.google,True
60,Dark War Survival,com.readygo.dark.gp,https://play.google.com/store/apps/details?id=com.readygo.dark.gp,True
61,Arknights: Endfield,com.gryphline.endfield.gp,https://play.google.com/store/apps/details?id=com.gryphline.endfield.gp,True
62,한게임 신맞고 : 대한민국 원조 고스톱,com.NHNEnt.NDuelgo,https://play.google.com/store/apps/details?id=com.NHNEnt.NDuelgo,True
63,피망 뉴맞고: 고스톱 대표 맞고 게임,com.neowiz.games.newmatgo,https://play.google.com/store/apps/details?id=com.neowiz.games.newmatgo,True
64,Pokémon GO,com.nianticlabs.pokemongo,https://play.google.com/store/apps/details?id=com.nianticlabs.pokemongo,True
65,Disney Solitaire,com.superplaystudios.disneysolitairedreams,https://play.google.com/store/apps/details?id=com.superplaystudios.disneysolitairedreams,True
66,냥코 대전쟁,jp.co.ponos.battlecatskr,https://play.google.com/store/apps/details?id=jp.co.ponos.battlecatskr,True
67,Limbus Company,com.ProjectMoon.LimbusCompany,https://play.google.com/store/apps/details?id=com.ProjectMoon.LimbusCompany,True
68,리니지2M,com.ncsoft.lineage2m19,https://play.google.com/store/apps/details?id=com.ncsoft.lineage2m19,True
69,Travel Town - Merge Adventure,io.randomco.travel,https://play.google.com/store/apps/details?id=io.randomco.travel,True
70,Merge Cooking®,com.merge.cooking.theme.restaurant.food,https://play.google.com/store/apps/details?id=com.merge.cooking.theme.restaurant.food,True
71,시티 데몬헌터즈: 각성자들,com.dlw.kr.google,https://play.google.com/store/apps/details?id=com.dlw.kr.google,True
72,"WPL:Texas Hold'em, MTT, Sit&Go",com.zempot.wplpoker,https://play.google.com/store/apps/details?id=com.zempot.wplpoker,True
73,Dragon Village 3,com.highbrow.games.dvo,https://play.google.com/store/apps/details?id=com.highbrow.games.dvo,True
74,임진왜란: 조선의 반격,com.joycity.im,https://play.google.com/store/apps/details?id=com.joycity.im,True
75,Yu-Gi-Oh! Master Duel,jp.konami.masterduel,https://play.google.com/store/apps/details?id=jp.konami.masterduel,True
76,NBAダンクシティ,com.netease.dunkcdjp,https://play.google.com/store/apps/details?id=com.netease.dunkcdjp,True
77,한게임 로얄 홀덤,com.nhn.AApoker,https://play.google.com/store/apps/details?id=com.nhn.AApoker,True
78,컴투스프로야구2026,com.com2us.probaseball3d.normal.freefull.google.global.android.common,https://play.google.com/store/apps/details?id=com.com2us.probaseball3d.normal.freefull.google.global.android.common,True
79,Tiles Survive!,com.funplus.ts.global,https://play.google.com/store/apps/details?id=com.funplus.ts.global,True
80,Rogue Legend - Roguelike RPG,com.pockethaven.roguelegend,https://play.google.com/store/apps/details?id=com.pockethaven.roguelegend,True
81,Merge Teahouse,com.mhclyxpb.gatja,https://play.google.com/store/apps/details?id=com.mhclyxpb.gatja,True
82,Dragon Traveler,com.gametree.lhlr.gp,https://play.google.com/store/apps/details?id=com.gametree.lhlr.gp,True
83,Legend of Avatar,com.billionairegames.serares,https://play.google.com/store/apps/details?id=com.billionairegames.serares,True
84,Forge Master,com.hariwn.legendofcivilizations,https://play.google.com/store/apps/details?id=com.hariwn.legendofcivilizations,True
85,NTE: Neverness to Everness,com.hottagames.nte,https://play.google.com/store/apps/details?id=com.hottagames.nte,True
86,페이트/그랜드 오더,com.netmarble.fgok,https://play.google.com/store/apps/details?id=com.netmarble.fgok,True
87,리버스: 1999,kr.haoplay.game.and.reverse,https://play.google.com/store/apps/details?id=kr.haoplay.game.and.reverse,True
88,Fishdom,com.playrix.fishdomdd.gplay,https://play.google.com/store/apps/details?id=com.playrix.fishdomdd.gplay,True
89,리니지2 레볼루션,com.netmarble.lineageII,https://play.google.com/store/apps/details?id=com.netmarble.lineageII,True
90,추노 키우기,com.dwgames.chunorpg,https://play.google.com/store/apps/details?id=com.dwgames.chunorpg,True
91,CookieRun: Kingdom,com.devsisters.ck,https://play.google.com/store/apps/details?id=com.devsisters.ck,True
92,RAVEN2,com.netmarble.raven2,https://play.google.com/store/apps/details?id=com.netmarble.raven2,True
93,갓깨비 키우기-999뽑기 증정,com.zzsjkr.google,https://play.google.com/store/apps/details?id=com.zzsjkr.google,True
94,히간: 이루실,com.nexon.he,https://play.google.com/store/apps/details?id=com.nexon.he,True
95,나이트 크로우,com.wemade.nightcrows,https://play.google.com/store/apps/details?id=com.wemade.nightcrows,True
96,X 클래시,com.xman.kr.gp,https://play.google.com/store/apps/details?id=com.xman.kr.gp,True
97,KartRider Rush+,com.nexon.kart,https://play.google.com/store/apps/details?id=com.nexon.kart,True
98,Merge Restyle,com.play.merge.restyle,https://play.google.com/store/apps/details?id=com.play.merge.restyle,True
99,Cell Survivor,defense.roguelike.cell.shoot.survivor,https://play.google.com/store/apps/details?id=defense.roguelike.cell.shoot.survivor,True
100,Domino DreamsTM,com.screenshake.dominodreams,https://play.google.com/store/apps/details?id=com.screenshake.dominodreams,True
