game_id,game_name,company,genre_tags,is_google_play,is_app_store,is_one_store,is_galaxy_store,description,icon_url
GAME_0001,메이플 키우기,넥슨,RPG; 시뮬레이션,TRUE,TRUE,FALSE,FALSE,메이플스토리 감성으로 쉽고 빠르게 성장하는 방치형 RPG,https://play-lh.googleusercontent.com/iqpY1xJzA5iIQdnHxk-IOfQFESViwUyTQ1AIwF1_i3kd8sQTTQDrkMLys26QqSb9tG35M5FTw2VjQuCcoe3MJA=w480-h960-rw
GAME_0002,리니지M,NCSOFT,RPG; 전략,TRUE,TRUE,FALSE,TRUE,PC 리니지의 가치를 모바일로 재현한 MMORPG,https://play-lh.googleusercontent.com/xy6xR7NsdX81HpwWu8CoVkseQECAug3pLvvpdBGtls12xwiQy3Qw5hvQ51fc3oTXPmI8xyOArPnm70t8395Mmdw=w480-h960-rw
GAME_0003,승리의 여신: 니케,시프트업,RPG; 액션/슈팅,TRUE,TRUE,FALSE,FALSE,인류 구원을 위해 싸우는 미소녀 건슈팅 RPG,https://play-lh.googleusercontent.com/JK5mejs0bVT_9613gCxNfCjRw_m3JiQ4wC8B8Kt471yu7ThFQazVkCLTfPZ81hnenft7ilaE-qSwVGpQT6sEFcY=s96-rw
GAME_0004,Roblox (로블록스),Roblox Corporation,메타버스/AR; 캐주얼,TRUE,TRUE,FALSE,TRUE,유저들이 직접 만든 가상 세계를 탐험하는 메타버스 플랫폼,https://play-lh.googleusercontent.com/QqZj22aXblAyYDxLQw-Gg0ycW0QkKhrDnwqgERZU9BMRXZnMlgXfq-94sikG5mEpt_I0lzZxcUzfLblmQgwYzUE=s96-rw
GAME_0005,운빨존많겜,111%,전략; 캐주얼,TRUE,TRUE,FALSE,FALSE,운과 전략으로 협동하여 적을 막아내는 디펜스 게임,https://play-lh.googleusercontent.com/QqZj22aXblAyYDxLQw-Gg0ycW0QkKhrDnwqgERZU9BMRXZnMlgXfq-94sikG5mEpt_I0lzZxcUzfLblmQgwYzUE=s96-rw
GAME_0006,컴투스프로야구V26,컴투스,스포츠; 시뮬레이션,TRUE,TRUE,TRUE,FALSE,리얼리티 최고봉 KBO 모바일 야구 대표 게임,https://play-lh.googleusercontent.com/lFrail_ogSgoETUZcsAgLG7gC4lvjcOdffEURRt5kTAaIbr3pdm7s7hrIQNMl-jTu_Hbw7NDuU9gpJZDRsqY=s96-rw
GAME_0007,마비노기 모바일,넥슨,RPG,TRUE,TRUE,FALSE,TRUE,마비노기 특유의 따뜻한 감성과 생활형 모험을 담은 MMORPG,https://play-lh.googleusercontent.com/ljE3Q4kOQj0UEjbJoANQpgQ4rxdDvI1h1wARGv6jFgel-5oDIFjfTx2S0nINT8agCEOB_V3C9y61RZFoyLZ4=s96-rw
GAME_0008,오딘: 발할라 라이징,카카오게임즈,RPG,TRUE,TRUE,FALSE,FALSE,북유럽 신화 세계관 배경의 대규모 심리스 MMORPG,https://play-lh.googleusercontent.com/65JquVIM391Il8M5oXrUzwTOFvFn72Yef4EJGWLBp190MflgritBJqiMuSjoK_ZeA2jF53OV9rRNgAXRm8_scQ=s96-rw
GAME_0009,트릭컬 리바이브,에피드게임즈,RPG,TRUE,TRUE,FALSE,FALSE,귀여운 볼따구 수집형 액션 서브컬처 RPG,https://play-lh.googleusercontent.com/OCiuBv70Dnuw9wcGet3EtTUF2nEkS1vhYYkvOahe9-MmKg6EhxGkf-9ZVxnWIJXflQSmfOIjTcaSbwJSJyuzHA=w480-h960-rw
GAME_0010,붕괴: 스타레일,Hoyoverse,RPG,TRUE,TRUE,FALSE,TRUE,은하 열차를 타고 우주를 개척하는 턴제 RPG,https://play-lh.googleusercontent.com/aWrGocSA7hEuk1qAPe7L4T57LvLKrwwH26cK2_LOqxRQMQX7j3uHYojC-EKWgYEV2PdrmE0ahqvvhLhXrAGk6Q=s96-rw
GAME_0011,FC 모바일,넥슨,스포츠; 시뮬레이션,TRUE,TRUE,FALSE,TRUE,실시간 축구 경기를 즐기는 모바일 스포츠 게임,https://play-lh.googleusercontent.com/VKo4cXzxFpu7d5ua0Exk9QB7B7wz8ePAON_Km1lkIowLCf4kpww9alW6HUy-kQ50Kimy86PG1ivGFhayc7hb=s96-rw
GAME_0012,한게임 포커,NHN,보드/카드,TRUE,TRUE,TRUE,TRUE,포커 홀덤 바카라를 모바일 원작 감성 그대로 구현한 웹보드,https://play-lh.googleusercontent.com/Imi0dOs8mMcOxNvc4MGXbfdG1QNKgE70v1DYU4GTIXPlbCy5RGoC-XjBRdEwvb-jDGXAXFj9j43c7flORYphv7I=w480-h960-rw
GAME_0013,한게임포커 클래식,NHN,보드/카드,TRUE,TRUE,FALSE,TRUE,7포커 홀덤 섯다 훌라 슬롯을 제공하는 클래식 포커,https://play-lh.googleusercontent.com/Hv-D0Heegr2EW_eyGcfNv-HzI_WRrjxMqnN575pY17XaRfXA4wjmAtTwWsO_ON6WqVtTP0ajH2bKKRDx6CNXhQ=s96-rw
GAME_0014,AION2,NCSOFT,RPG,TRUE,TRUE,FALSE,FALSE,아이온 IP 세계관을 계승하는 차세대 모바일 MMORPG,https://play-lh.googleusercontent.com/aqqsbPuYk-dU9f0qnyEkHje_IIchFrOhDQfDXozQbD5_n_Hxi18ja4GyEbNYuFD9inoFBUYfZFWK4zSOjsy8Aw=w480-h960-rw
GAME_0015,뱀피르,넷마블,RPG,TRUE,TRUE,FALSE,FALSE,뱀파이어 신화 배경의 정통 다크 판타지 MMORPG,https://play-lh.googleusercontent.com/O3AtBJqCPmOHow-d2tskDjwXGWpYpgz2bPEJC5s-FQ1BzmtxnFTQ4h6OTTJ74pyih8KBs78UsTk7w6PAHkbt=s96-rw
GAME_0016,몬길,넷마블,RPG; 액션/슈팅,TRUE,TRUE,FALSE,FALSE,몬스터 길들이기 IP 기반의 모바일 수집형 액션 RPG,https://play-lh.googleusercontent.com/cjDSyrhTFt_cq5wO3GOtDOWoiGO2vfxKxRcSUT66Cx8eo-JhYC6FAdvreQIFTXjN9--gWGA46LMJZ9kPRFjFiA=s96-rw
GAME_0017,EA SPORTS FC Online M,넥슨,스포츠; 시뮬레이션,TRUE,TRUE,TRUE,TRUE,PC FC 온라인의 이적시장과 구단을 모바일로 연동하는 축구 게임,https://play-lh.googleusercontent.com/3kHUd_bPqo2Mz00jcm8gxIjgawGnkg1w7V1KZfQ-UalXUj8QrLwqmGxpUNniLQ4o3exMUCl_lKa5KOolaOqBFdo=s96-rw
GAME_0018,스톤에이지 키우기,넷마블,RPG; 시뮬레이션,TRUE,TRUE,FALSE,FALSE,스톤에이지 IP 공룡 펫을 육성하는 방치형 RPG,https://play-lh.googleusercontent.com/mHJqRu4jWQURdoJTkJYcqPvd1atYDkx4EGEuv3olhT8MFdDW1jYNGyFLmOkr8plJmQZmmSc7v744iYJk09Nc7A=w480-h960-rw
GAME_0019,그놈은 드래곤,HongKong GameTree,RPG; 캐주얼,TRUE,TRUE,TRUE,FALSE,드래곤을 육성하고 모험하는 아기자기한 방치형 RPG,https://play-lh.googleusercontent.com/kxqm89jGpPR_rQgkItp-3z_iiTKqGyANOy_hX5FnMLdUGnrXCzIoUJQbjKooLliIVJSdifkA7k8l_7zJ18c5SA=s96-rw
GAME_0020,한게임 섯다&맞고,NHN,보드/카드,TRUE,TRUE,TRUE,TRUE,손맛 살아있는 짜릿한 심리전의 대한민국 대표 섯다 맞고,https://play-lh.googleusercontent.com/CqdDCCaoUKuuANbhIfbCWehb2UTPN6YPbucx6KUzurF6WebH10KPaG46AG-fBCl9w1hAnOqbr2psIJtQFoUOaHw=s96-rw
GAME_0021,브롤스타즈,Supercell,액션/슈팅; 캐주얼,TRUE,TRUE,FALSE,FALSE,다양한 캐릭터와 모드로 펼쳐지는 3v3 실시간 슈팅,https://play-lh.googleusercontent.com/c0hXyphuxh-gpnhSJGZV1I0IpWbq9IdEc1pautS7SmHlXNBrCff7bMqK-u63pJdfP3KJoxamG7W1dRMKr7ZzWKs=s96-rw
GAME_0022,리니지W,NCSOFT,RPG,TRUE,TRUE,FALSE,FALSE,글로벌 유저들과 전투를 즐기는 다크 판타지 MMORPG,https://play-lh.googleusercontent.com/VvwlyO5rMOgeedcbDmvBQv-vDoCeHqxBdSHqTrA3xUZAEuRcAwTBznrJBwkj3_xvhUTkLJ4D98RT1fZTtu8W=s96-rw
GAME_0023,컴투스프로야구2026,컴투스,스포츠; 시뮬레이션,TRUE,TRUE,TRUE,TRUE,KBO 공식 라이선스 기반 리얼리티 모바일 야구 게임,https://play-lh.googleusercontent.com/USu399MNae-G38uLpGuxcquzIG4c7EM2WfNDa0g_fKIuiPHHMFyL_SIcUO4LhxeWhxJahTEIREeZ_iwnD7_qxA=s96-rw
GAME_0024,SD건담 지 제네레이션 이터널,Bandai Namco,RPG; 전략,TRUE,TRUE,FALSE,TRUE,모든 건담 시리즈가 총출동하는 시뮬레이션 전략 RPG,https://play-lh.googleusercontent.com/umWX9qJUcTLA-QIkGeYL_dxhLyDQc4UYYXMwC2MV4Pde2ti_TIOE_mzv6Wafm5SYAA7ZTBCuw27tDM_yfBPxRMY=s96-rw
GAME_0025,I9: 인페르노 나인,Leniu Technology,RPG,TRUE,TRUE,TRUE,TRUE,한 손으로 즐기는 방치형 세로 RPG MMORPG,https://play-lh.googleusercontent.com/jZ0P5ZxOE4VorYhs9QmbcxzXi7VYiNqh4I5YlO2JXUdh_5D80ymAagbYxjtP6pGnU_7f_W0gWUVWUm9mIkCI5A=w480-h960-rw
GAME_0026,명일방주,요스타,RPG; 전략,TRUE,TRUE,TRUE,TRUE,독창적인 세계관의 어반 판타지 타워 디펜스 RPG,https://play-lh.googleusercontent.com/fhgbWvrtqYEYlJiRI2Bk-__-4p2dx4VPVI-LZZ0Dz7sUWnw5EIu3g8Pitr6qmLRzI8yog8PJvFnm97GA0jg=w480-h960-rw
GAME_0027,명일방주: 엔드필드,그리프라인,RPG; 전략,TRUE,TRUE,FALSE,TRUE,명일방주 세계관 기반의 3D 앤드게임 전략 RPG,https://play-lh.googleusercontent.com/l6FVNa293RykBWy88TqEhUakIcGSC8bRygSnKOBgztln48JX-WzMWnrBAETrKZsxDNC4HhwCsvfle_UI7rBE=s96-rw
GAME_0028,나이트 크로우,위메이드커넥트,RPG; 전략,TRUE,TRUE,TRUE,FALSE,언리얼 엔진 5로 구현한 중세 유럽 배경 대규모 MMORPG,https://play-lh.googleusercontent.com/OmmrYyYORMkonxxUu7BR6sl7vdzLgT1mcoysiJUIrwb_6JmF8j7vjXQ7oC_HOTLsoUOIMPGmoHNHVBC8QbqTrQ=s96-rw
GAME_0029,2026 프로야구GO!,해긴,스포츠; 캐주얼,TRUE,TRUE,TRUE,TRUE,쉽고 재밌는 캐주얼 모바일 야구 게임,https://play-lh.googleusercontent.com/R2aEIXiVL_Zs07_XCpViKsze6-BA8AneOvl3vVNHkzSBJ0ts3uA-xxAC9jyZYgFQUeiOd2PEcFoTaZEOXBcSd3w=s96-rw
GAME_0030,리니지2M,NCSOFT,RPG,TRUE,TRUE,FALSE,TRUE,압도적인 그래픽과 심리스 오픈월드의 정통 MMORPG,https://play-lh.googleusercontent.com/bh67_a9Z2UyAoJHcktORocXm_c25UcWz_diX4kuGbQ2W1tbWwzK1QqapGahZrlDmwWCAp-CFoy9NA2KMYojBAik=w480-h960-rw
GAME_0031,배틀그라운드 모바일,크래프톤,액션/슈팅,TRUE,TRUE,FALSE,TRUE,100명이 최후의 1인이 되기 위해 겨루는 배틀로얄 슈팅,https://play-lh.googleusercontent.com/xwFtt40YwOjDNuj4unNQRjbzz1yRmuZQAYN_o7HvTd0xS3IK3EGLYCqcz_bHijJk_SKyvPh78xw7tGdEHHsrHA=s96-rw
GAME_0032,원신,Hoyoverse,RPG; 액션/슈팅,TRUE,TRUE,FALSE,TRUE,티바트 대륙에서 펼쳐지는 오픈월드 어드벤처 RPG,https://play-lh.googleusercontent.com/YQqyKaXX-63krqsfIzUEJWUWLINxcb5tbS6QVySdxbS7eZV7YB2dUjUvX27xA0TIGtfxQ5v-tQjwlT5tTB-O=s96-rw
GAME_0033,피망 포커 : 카지노 로얄,네오위즈,보드/카드,TRUE,TRUE,FALSE,TRUE,7포커 텍사스홀덤 바카라를 실시간으로 즐기는 웹보드,https://play-lh.googleusercontent.com/MkI60z70bUF0YIi9loQzKm08WLinhruANPb6D7j1Gh1iPiLrfL1W-2ZQ0Q8ICCMdkFY0jDlTjx9_iZFVGOourg=s96-rw
GAME_0034,서머너즈 워: 천상의 아레나,컴투스,RPG; 전략,TRUE,TRUE,FALSE,TRUE,다양한 룬 조합과 속성 전략의 글로벌 수집형 RPG,https://play-lh.googleusercontent.com/MUCpc9V1KmbWYb2Cv6p3aSVyzBo-uuG_iMPWY0vZSRh9cpDadSM07vaWHJXE6Yrpxj-wH1y55mO6Bo6B3_2k=w480-h960-rw
GAME_0035,갓깨비 키우기,Joy Nice Games,RPG; 시뮬레이션,TRUE,TRUE,TRUE,TRUE,도깨비 캐릭터를 키우며 속도감 있게 성장하는 방치형 RPG,https://play-lh.googleusercontent.com/vre365L9Y_XIpaTg56Mqa3Oraobas7RMsHl52ZJuyyShZNWdPg8fbkQjWCHu1hTJ0TE4DaY_vbuDUkUi9u8P=w480-h960-rw
GAME_0036,쿠키런 키우기 - 쿠키런: 크럼블,데브시스터즈,RPG; 캐주얼,TRUE,TRUE,TRUE,TRUE,귀여운 쿠키들을 한 손으로 성장시키는 방치형 RPG,https://play-lh.googleusercontent.com/nH4gayvv0-dHdjwjxUIKY9QWr_6dYnNeqFNHPwckQ3dgvJgrsJPdkIEyevgE09j0IGUiAIwpniaoAZ7Xn0PH=w480-h960-rw
GAME_0037,열혈강호: 넥스트,Kingnet Technology,RPG,TRUE,TRUE,TRUE,TRUE,인기 무협 만화 열혈강호 IP 기반의 MMORPG,https://play-lh.googleusercontent.com/ct9hCP6C7NRwwTT3p-eIRLAJHMYuK2k2kO0tC6nc8YUCwgRos5tOuzfKmflfPOwQdfJiuNHkmifu0lhVcEmY=w480-h960-rw
GAME_0038,창세기전 모바일 - 서풍의 광시곡,LINE Games,RPG,TRUE,TRUE,TRUE,TRUE,원작의 감동을 그대로 모바일로 재현한 수집형 전략 RPG,https://play-lh.googleusercontent.com/-lMlU3V7M8D8rQ_r9LFGHeqypB_xaRRbi_QbjVlFyYOUL9ldQXjqHAZ5Z6LZ2r5yiZVwbXsVF4ELv9bvhTpsRBQ=s96-rw
GAME_0039,MLB 9이닝스 26,컴투스,스포츠; 시뮬레이션,TRUE,TRUE,TRUE,TRUE,MLB 공식 라이선스 기반의 정통 메이저리그 야구 게임,https://play-lh.googleusercontent.com/ltiGaRjBglanp6J3YAj14PoM0kr3dYie8vpaQaLnJPR0lBHuJUGTodRMi6fbBeO2islilB5Eb_OtzRnmc4mo=s96-rw
GAME_0040,디아블로 이몰탈,블리자드,RPG; 액션/슈팅,TRUE,TRUE,TRUE,FALSE,성역에서 펼쳐지는 모바일 정통 다크 판타지 액션 RPG,https://play-lh.googleusercontent.com/Nk_4asF8QaOyrT3SKWciYtVnMcQedoGf3GLPYPKUjObVaD2nEsqhHIcXn4SWhdB03y0qFD4d3viDihwuUHE4Ors=s96-rw
GAME_0041,캣 히어로 : 방치형 RPG,게임듀오,RPG; 캐주얼,TRUE,TRUE,TRUE,TRUE,고양이 영웅들을 모아 성장시키는 방치형 RPG,https://play-lh.googleusercontent.com/QfQrxylW8hLlAlO7paLKuKYdZW4QYuCvQpVxT88Su-GjOzvwXNqUkbeEyAUfBvQqQgEa8JljK1nlucux_tLL=s96-rw
GAME_0042,아이모: The World of Magic,컴투스,RPG,TRUE,TRUE,TRUE,FALSE,대한민국 최초 모바일 MMORPG 아이모의 도트 감성을 계승,https://play-lh.googleusercontent.com/Q3odBUTKM45R8FtDXVUmb0ykHyav4XmsmRy_EyIIhfSiLFGw0snSu-gaUXZlGEXfo8TgUiJziNWVX5uusx06lA=s96-rw
GAME_0043,창세기전 키우기,New Normal Soft,RPG; 캐주얼,TRUE,TRUE,TRUE,FALSE,창세기전 캐릭터들을 손쉽게 성장시키는 방치형 RPG,https://play-lh.googleusercontent.com/vpSo_nYBbW0DQCGCoTDJHuVjwEoyuhhccmIbYAJhezoAhTXHUqWxjhYntGLjLFa0aq1uqZT2f4kcJ-RnzQoZsV4=w480-h960-rw
GAME_0044,아키텍트: 랜드 오브 엑자일,DRIMAGE,RPG,TRUE,TRUE,TRUE,FALSE,압도적인 스케일의 심리스 세계관 언리얼 엔진 5 MMORPG,https://play-lh.googleusercontent.com/14-XxuLjk7eu2EfkeJ41qz3dcSUgWdfE517sYAbmbQtK8czfG_FP7uiWAW6DGabyavmIRv9uG45xC-VQe3LuUw=s96-rw
GAME_0045,컴투스프로야구 for 매니저 LIVE 2026,컴투스,스포츠; 시뮬레이션,TRUE,TRUE,TRUE,FALSE,KBO 감독이 되어 시뮬레이션 구단을 경영하는 시뮬레이터,https://play-lh.googleusercontent.com/s0xIMnhd-6giT61G94VKArjoAvaCeQGGp26Cy_9q-K9ijP6hT0fE0lGX4ZGwT7hzPFRQUSvNd99TgDXElz6P7TU=w480-h960-rw
GAME_0046,인생존망겜,gm99,RPG; 시뮬레이션,TRUE,TRUE,TRUE,FALSE,유쾌한 B급 감성과 운으로 극복하는 방치형 캐주얼,https://play-lh.googleusercontent.com/HcK8j0gkwe07w9TM_cPUmD0H3FLzgq9YhJLFTEVovusqdapM0UFVEcE6TpE5PX6EbDQGUXdP-cxnFCUrrXSZHg=s96-rw
GAME_0047,에이지 오브 엠파이어 모바일,Level Infinite,전략,TRUE,TRUE,TRUE,FALSE,전설적인 RTS IP '에이지 오브 엠파이어'의 모바일 전략,https://play-lh.googleusercontent.com/FsrJ4G5spS_npOfZQK6Y-lggN4mxUVpSgqZt15v3Cb4MHukPsQes4e75ruMrIbldET-J4tHJqTmjdSmOl3ldQQ=s96-rw
GAME_0048,뮤 모나크2,웹젠,RPG,TRUE,TRUE,TRUE,FALSE,PC 뮤 온라인의 고전 감성과 빠른 성장을 담은 MMORPG,https://play-lh.googleusercontent.com/qnZL-Cen0ZiuBaJFSRkJsW1shxOLzMjGnZUDFRvnPit9WizZ3TiHrq2BFJwtDcnFO-Qk1M4wdxf4gVVZ0fta3g=s96-rw
GAME_0049,주술회전 팬텀 퍼레이드,BILIBILI,RPG,TRUE,TRUE,TRUE,TRUE,인기 애니메이션 '주술회전' IP 공식 모바일 턴제 RPG,https://play-lh.googleusercontent.com/_3JFCRzaFgARkff2H4q_1FH4qusQsEyeBVo_uRUrK7gpPKFON8_VJqXc5IpJQ0ho57StJ4Z6AFqGsrlO7fnhIVw=w480-h960-rw
GAME_0050,Total Football: Mobile Soccer 2026,GALA SPORTS,스포츠; 시뮬레이션,TRUE,TRUE,TRUE,FALSE,고화질 모션 라이선스 기반의 리얼리티 축구 게임,https://play-lh.googleusercontent.com/7CjZABrExQae8Trj7CuRdUfuPGOSGdG937qr5mJD2cun_cy5l9B1-SCH3_MxJUiyXtXGJo6DPO4CFdNOOPXQY-U=s96-rw
GAME_0051,9UP 프로야구: KBO 야구 매니저,Ace Project,스포츠; 시뮬레이션,TRUE,TRUE,TRUE,FALSE,실사 선수 카드와 세밀한 데이터로 경영하는 야구 매니저,https://play-lh.googleusercontent.com/zIBwwahUp8G7dK8vUijsF4grKVecu9PqFYAQuNkAoDPP8GMpw21USWytzuqpn-aLqNiAY0WJrI353yWP4PQ5ZeA=s96-rw
GAME_0052,삼국지 전략판,Qookka Games,전략,TRUE,TRUE,TRUE,TRUE,지형 활용과 전략적 대규모 영토 전쟁의 삼국지 SLG,https://play-lh.googleusercontent.com/kimpPr9QPMtL8fa-vsn3baNKIjutXCprwCfAajBnkaIHU34p7xQYzYaXfN137DFu_43qkuWxjTYqDOMun_02=s96-rw
GAME_0053,갑부: 장사의 시대,BLANCOZONE,시뮬레이션,TRUE,TRUE,TRUE,TRUE,고대 상인이 되어 점포를 경영하고 거부가 되는 시뮬레이션,https://play-lh.googleusercontent.com/2SDMJ16666DlVIOvLeTPavhoJIp30HcBZKunFy27mt-pTY0nxl_oCw2m2mPXP8Khk1gkuGeAroQeDkJprnkdlg=s96-rw
GAME_0054,로스트 소드,위메이드커넥트,RPG,TRUE,TRUE,TRUE,FALSE,화려한 2D 액션 연출의 서브컬처 수집형 RPG,https://play-lh.googleusercontent.com/_OS6EQ01n93vfCiMRVgOb6RSsYiyacTI-2z_ebCzHNlLHdQX4Ln12dC1qGLjb_nrLc2L7Yr62osZDvFdIIv0JA=w480-h960-rw
GAME_0055,프리스톤테일M,FOWGames,RPG,TRUE,TRUE,TRUE,FALSE,PC 원작 프리스톤테일의 향수를 담은 모바일 MMORPG,https://play-lh.googleusercontent.com/2mIh4m8Cg_Kd7d83uSBMSLNqulGejWEIrqugFcp34wMMIFkPL__g6p9zDYjcgkfsudCtzHhKeqdMXC9wEgNX=s96-rw
GAME_0056,오늘의 꽃,Ujoy Games,RPG; 캐주얼,TRUE,TRUE,TRUE,TRUE,꽃을 가꾸며 동화 같은 이야기를 펼치는 캐주얼 수집형,https://play-lh.googleusercontent.com/cg1-R8XG0O9Ok4XFvhzNked6xAl63XQn4N4BLx1X685DD9JsmmYzfNDSn9p2pm9gDNZXdBErMPq05Z5IKXJDgg=s96-rw
GAME_0057,심쿵 삼국지: 방치형 RPG,END9,RPG; 캐주얼,TRUE,TRUE,TRUE,FALSE,심쿵 캐릭터들과 부담 없이 즐기는 방치형 삼국지,https://play-lh.googleusercontent.com/rSNS5b9uKneFd5fIBhVirPQuBdVxKkWeP2BbYe83_RrdhkLtTZKKYVKT-QCwYmSsJXQ0Xy7cwSy7maE3vhDbyNI=s96-rw
GAME_0058,이환,퍼펙트월드,RPG; 액션/슈팅,TRUE,TRUE,FALSE,TRUE,초현실 도시에서 펼쳐지는 수집형 어반 액션 RPG,https://play-lh.googleusercontent.com/TGl3DdDbi4hty6ooOhEvv_2s5tkpGLbL6derP8y5hK-_Bw--Ve375b08ba9HHQ9ueRpoQ9oye1T_T24BJriLUmw=s96-rw
GAME_0059,쿠키런: 킹덤,데브시스터즈,RPG,TRUE,TRUE,TRUE,TRUE,쿠키들과 함께 떠나는 모험과 왕국 건설 수집형 RPG,https://play-lh.googleusercontent.com/J1zzZf_Clyg51sikuBbfTMD_sGVK64Ki5vyVtn3MmkUUzQ-AxKWq2-WuVDnpkrpai6Icun3wXspttadNAxy4djI=s96-rw
GAME_0060,쿠키런: 오븐브레이크,데브시스터즈,액션/슈팅; 캐주얼,TRUE,TRUE,TRUE,TRUE,점프와 슬라이드로 달리는 국민 러닝 게임,https://play-lh.googleusercontent.com/XUsPgSgtkGU7-POcKVyLz86tJShDWBMyFx07mcaMOYiIsi5DuB85E4P1OwEx8jb8x4RhB6GgK1_hzjWi-utVyA=s96-rw
GAME_0061,붕괴3rd,Hoyoverse,RPG; 액션/슈팅,TRUE,TRUE,FALSE,TRUE,화려한 콘솔급 액션 연출을 선사하는 3D 액션 RPG,https://play-lh.googleusercontent.com/ditfMKOtRRnASNxKnW7N2bmmA_lLIqkJvk4gs6hxLU8-Gxcg9-53Gysspw0qZukKEL1Et6Pf2cghBVKdm9vR=s96-rw
GAME_0062,소녀전선,하오플레이,RPG; 전략,TRUE,TRUE,FALSE,FALSE,화려한 콘솔급 액션 연출을 선사하는 3D 액션 RPG,https://play-lh.googleusercontent.com/nuSqaKjB6qjIBEPktUWa7txRtQOp6L1uikr6YS0O2D12w3Adilc-QNgDTya_4hCszZLyt2Zyr3UE_bWK7jWoYA=s96-rw
GAME_0063,소녀전선2: 망명,하오플레이,RPG; 전략,TRUE,TRUE,FALSE,FALSE,택티컬 엄폐 요소와 3D 모델링의 서브컬처 전략 RPG,https://play-lh.googleusercontent.com/N0Cq4MZ9VszB5TH_Wq229R62IuSVn1LfWwB3uhdjb0J_fsRn2hfHWc8XOEH7kAUs7Hg4SB2HLl_LEOj17YkwNQ=s96-rw
GAME_0064,퍼니싱:그레이 레이븐,쿠로게임즈,RPG; 액션/슈팅,TRUE,TRUE,FALSE,TRUE,세기말 구원 다크 판타지 3D 액션 RPG,https://play-lh.googleusercontent.com/s0-m6w0VqNKxmBpAaHVB8bs5gmlY5YUJg9DjwP3TSAMNnDoRh2pOPg-R-xgw7nmfGmnq_3ViNse_4iloBs30=s96-rw
GAME_0065,브라운더스트2,네오위즈,RPG,TRUE,TRUE,TRUE,TRUE,고퀄리티 그래픽과 턴제 전략 전투의 수집형 RPG,https://play-lh.googleusercontent.com/t_Pc0TNuYTnMGe9nm950wu9hPQOwVwSxAYmnCezhhQWxR7oW1Vp9LR828QqtDWnDopIv0OkSIZQucfReW-XCcCE=w480-h960-rw
GAME_0066,옥토패스 트래블러: 대륙의 패자,NetEase Games,RPG,TRUE,TRUE,FALSE,TRUE,콘솔 감성의 HD-2D 그래픽 싱글 JRPG,https://play-lh.googleusercontent.com/WJXkwoxxK4r7dfZLHmpV96Qxz8C46XU0hIs8InTgW-GpHOtx9eAgHfpx1YOTcayIvm8NODVxPgbkb0jThpqR=w480-h960-rw
GAME_0067,나 혼자만 레벨업: 어라이즈,넷마블,RPG; 액션/슈팅,TRUE,TRUE,FALSE,FALSE,인기 웹툰 IP 기반의 역동적인 액션 RPG,https://play-lh.googleusercontent.com/MfVM3wvhQwzhPbwjzd5tiZQKR7EyCkZlNxG68d_4haoTAaZLT8A0GtdyeMXaMujZikQ8Nt7qP2rXol-k_zhulA=s96-rw
GAME_0068,젠레스 존 제로,Hoyoverse,RPG; 액션/슈팅,TRUE,TRUE,FALSE,FALSE,세련된 도시 인프라와 타격감을 자랑하는 액션 RPG,https://play-lh.googleusercontent.com/-OwYJcIdDSfGJBOQozVC3kKxqnA7ev2O897twi-aVUpc8AXVMNtB3YWEXDui_V0VJxelNAbUbLXpNZj9AqWa3A=s96-rw
GAME_0069,우마무스메 프리티 더비,카카오게임즈,스포츠; 시뮬레이션,TRUE,TRUE,FALSE,FALSE,우마무스메를 육성하고 레이스 승리를 목표로 하는 게임,https://play-lh.googleusercontent.com/ogMI7CQqrnr3Lh-ec8Au3jPSsMxzrg1gyNYDyCon46fPS-EZPMzQEsHFNHMtEiYtbwseXdGGFBMM67e011i3=w480-h960-rw
GAME_0070,포켓몬 카드 게임 Pocket,The Pokémon Company,RPG; 보드/카드,TRUE,TRUE,FALSE,FALSE,포켓몬 카드를 수집하고 수동 배틀을 즐기는 TCG 모바일 게임,https://play-lh.googleusercontent.com/qdEdyVc19jfittS0bnDUnXLRM7jOPZzfHXEYoChPWOtzMrtwU6t3ZVm_FQ7wbeDYFlqLBuWCDK0Q6c1nEwYKTA=s96-rw
GAME_0071,카피바라 Go!,Habby,RPG; 캐주얼,TRUE,TRUE,FALSE,FALSE,카피바라와 함께 떠나는 아기자기한 모험 텍스트 RPG,https://play-lh.googleusercontent.com/9SuRQeJjqsr7JLGTcIavo1FTUM6jwCwOqDt9c0VPIi_q5YhNjVgUZivOwhjDzCmCCeIJb0JRLtqC7n7KgpZ3=s96-rw
GAME_0072,궁수의 전설2,Habby,액션/슈팅; 캐주얼,TRUE,TRUE,FALSE,FALSE,화려한 스킬 조합과 컨트롤의 로그라이크 슈팅 액션,https://play-lh.googleusercontent.com/N9TLJ3QaDjDo9CRyeEbhU5OfVj3v06uxoNKUyv-0aKlCC9PAJyVkzuNThFrwu7-k4orXbVRfNSo7vKbYBXitttk=s96-rw
GAME_0073,리버스: 1999,하우플레이,RPG; 전략,TRUE,TRUE,FALSE,FALSE,레트로 세기말 감성의 서브컬처 수집형 턴제 RPG,https://play-lh.googleusercontent.com/Vnq1vx1cC_mnaZSXiV4x8oxxuL2YdYCpDFUstK-nhZlSMJkorBStctJ93qxNEQE14odke4YTd5URiG7erKjj=s96-rw
GAME_0074,조선협객전2M,스마트나우,RPG,TRUE,TRUE,TRUE,FALSE,조선 시대를 배경으로 펼쳐지는 정통 무협 MMORPG,https://play-lh.googleusercontent.com/nAUw5Fw25n6n3UpM1fUl44XnBaHd3wfMpYfg2DulD4UTdJY3GSK5IH08zpSGrqr2VZiHEVIB2lk1VsPz9b8gjpM=s96-rw
GAME_0075,Among Us (어몽 어스),Innersloth,보드/카드; 캐주얼,TRUE,TRUE,FALSE,TRUE,우주선에서 크루원과 임포스터를 가려내는 멀티플레이 마피아,https://play-lh.googleusercontent.com/pfGArJJx-vtMRVu2-ziedzAhTLsHgks6N3mNyyOC0oxRdsXINGwdd9h4ZutdTG7MfgiqlDXBXnk-kNo-Fns70Q=s96-rw
GAME_0076,Pikmin Bloom (피크민 블룸),"Niantic, Inc.",메타버스/AR; 캐주얼,TRUE,TRUE,FALSE,TRUE,걸음을 모아 피크민을 키우고 꽃을 피우는 힐링 AR 게임,https://play-lh.googleusercontent.com/enPlIC1ZZK9sDkvhGNX0ufiBB440DICiif9eDre4gFgdOCjuUZJGAUDMh6kkyCIxEJMKH__c2GTQGdoRLCRT=s96-rw
GAME_0077,제페토 (ZEPETO),NAVER Z,메타버스/AR,TRUE,TRUE,FALSE,TRUE,3D 아바타로 전 세계 유저와 소통하는 메타버스 공간,https://play-lh.googleusercontent.com/UR7R47rXpVb-IDC80c4UuKOBMLvtASecMmkXj3SIT5v5wZLSKheKQnkR3ZvlfeSStZr3aQGpufw0uW7j-sX3dA=s96-rw
GAME_0078,운빨용병단,111%,전략; 캐주얼,TRUE,TRUE,FALSE,FALSE,랜덤 용병 조합과 운으로 적을 막아내는 디펜스 게임,https://play-lh.googleusercontent.com/7Rih7H3B4QoHfjihDscNPVS1t8FZ0C-2TrK_j1ldhkb6RbnP8V2Vo1OHpjPH1qGnJpJ0WYGYPth8PhZgQ1Q-Vg=s96-rw
GAME_0079,세븐나이츠 리버스,넷마블,RPG,TRUE,TRUE,FALSE,FALSE,원작 세븐나이츠를 리메이크하여 최신 고화질 언리얼 엔진으로 구현한 RPG,https://play-lh.googleusercontent.com/8CYFFvToiBwJ6NqGpd90FPRsnYzf6Fmn9zaILckmltokY8HMp-50ZJsCq04EVmjfpszgzoLLGwol9D2zn1qTP1I=s96-rw
GAME_0080,Limbus Company (림버스 컴퍼니),Project Moon,RPG; 전략,TRUE,TRUE,FALSE,FALSE,독창적인 세계관과 잔혹한 스토리를 담은 전략 RPG,https://play-lh.googleusercontent.com/mnqUeIK2w48bqiVf9w3h-6w0SuHrwx1Xh5DFhHHjgcu9x29qGIzs4EO9QeWtmZ42YzPOC29uU2Q73h25Nz9PCQ=s96-rw
GAME_0081,Yu-Gi-Oh! Master Duel,Konami,보드/카드; 캐주얼,TRUE,TRUE,FALSE,FALSE,유희왕 공식 디지털 TCG 카드 배틀 게임,https://play-lh.googleusercontent.com/iXWTX-D0Ehok3_lsmw-Bf0ow69CqUBsFv7u_zy8r-SOQML6e4KfOk7CYLutfvSwi-WLUvuctzvJQPKh1NjVb6g=s96-rw
GAME_0082,eFootball™,Konami,스포츠; 시뮬레이션,TRUE,TRUE,FALSE,FALSE,코나미 정품 모바일 가상 축구 리얼리티 게임,https://play-lh.googleusercontent.com/-an3zySx6j39CpLwZkIH26KfCvJPGmp974714U9HshiCb1W9NwFwULhNANcUSic9n1Mb1GDkVP6gBpjwLDs5UA=s96-rw
GAME_0083,블레이드&소울 레볼루션,넷마블,RPG,TRUE,TRUE,FALSE,FALSE,PC 블레이드&소울 IP를 모바일 심리스로 재현한 MMORPG,https://play-lh.googleusercontent.com/Hsa5Laxf7iXxPeMsjKEPt1KCMzCdnvq-jOP6Rk5Cb_NrNx4td_pGgYPVlfVMaE8atp5rtHDZTUAxHfxyJ0MMIA=w480-h960-rw
GAME_0084,캔디크러쉬사가,King,퍼즐; 캐주얼,TRUE,TRUE,FALSE,FALSE,전 세계 유저들이 즐기는 대표 3단 타워 맞추기 퍼즐,https://play-lh.googleusercontent.com/JvMhIxuwArVmcMReJQB8PIEB1MIQNMGf9j5i914JtkBrHrA55K-nMUIVlYCa7SXAdHtzLtsycEo6NpXeHFxLwvI=s96-rw
GAME_0085,라그나로크M: Classic,그라비티,RPG,TRUE,TRUE,FALSE,FALSE,라그나로크 온라인의 클래식 원작 요소를 담은 MMORPG,https://play-lh.googleusercontent.com/5SFBw-txEgmxfiD8J5DcHchCZFvLCo1jZsalnlDHYjv5nddS-8oLSRIwGHmqKF0NLaZJ9Gmbx6wEMGxlNtFe=s96-rw
GAME_0086,임진왜란: 조선의 반격,JOYCITY Corp.,RPG; 전략,TRUE,TRUE,FALSE,FALSE,조선 시대 임진왜란 전쟁 역사를 다룬 전략 게임,https://play-lh.googleusercontent.com/lCe1gmPZFYWVAC9SART7Bm4AFDPNRmxteII5Qa417kZVxBgpKdbXbgDaGLLpRevIPyPcQj7W-dLvDdBMmm_ceA=w480-h960-rw
GAME_0087,히간: 이루실,Bilibili,RPG,TRUE,TRUE,FALSE,FALSE,고퀄리티 3D 액션 연출의 서브컬처 수집형 RPG,https://play-lh.googleusercontent.com/h2KLujDD_Q4V5z7TjC4OoVOarmTw9QLFtCkdFlGOxICvqOaOV0U6XOFeqk_xZvv4dwOHZbKfED0lRBdT4Qj_=w480-h960-rw
GAME_0088,히어로 랜드M,Orienjoy,RPG,TRUE,TRUE,FALSE,FALSE,다양한 영웅 조합으로 즐기는 판타지 모험 RPG,https://play-lh.googleusercontent.com/S4_WFt9oWp_UPVqTtqSwfE8RP4s9VixhUgrtZx3TgSHI9KwgU0B9QJC9RNMhnRRcU7ZVrx5eO0t0kNg7k1F6L4Y=w480-h960-rw
GAME_0089,타이탄 러쉬: 서바이벌,RATING GAME,전략,TRUE,TRUE,FALSE,FALSE,거대 타이탄에 맞서 전장을 지키는 4X 생존 전략,https://play-lh.googleusercontent.com/sxhliWIHQkxvxkVnR1YJa-Bls74C3av7VXIAcZKGnbbO12vLFpw1bINH8VeCZ2yw8uwL5ApP1cQ16g7FMJWYnQ=s96-rw
GAME_0090,부족 또 전쟁 : 무한루프 RPG,HKQS GAMES,RPG; 시뮬레이션,TRUE,TRUE,FALSE,FALSE,무한 루프 성장의 재미를 다룬 부족 전쟁 방치형 RPG,https://play-lh.googleusercontent.com/umli_4_TJJYzpLVwVV6fjA15kjMxrSkHDgYN46V6GYoJKTGPo-RlcLB4rNTEg5ScMAGeIdiFcq4vcVlSIFBqvg=w480-h960-rw
GAME_0091,NBA 덩크 시티,Exptional Global,스포츠,TRUE,TRUE,FALSE,FALSE,NBA 공식 인가 실시간 길거리 농구 게임,https://play-lh.googleusercontent.com/5YBer2TCaAxpRZTcWV-F0JulQjpmuEsy5TehNNK2Wr_SGQXBDavzjkzYVdn_jCrZdC7yiriOP4RXQgmM09WY2zo=s96-rw
GAME_0092,서머너즈 워 X 장송의 프리렌,컴투스,RPG,TRUE,TRUE,FALSE,FALSE,서머너즈 워와 '장송의 프리렌'의 콜라보 한정 콘텐츠 RPG,https://play-lh.googleusercontent.com/MUCpc9V1KmbWYb2Cv6p3aSVyzBo-uuG_iMPWY0vZSRh9cpDadSM07vaWHJXE6Yrpxj-wH1y55mO6Bo6B3_2k=w480-h960-rw
GAME_0093,던전앤파이터 모바일,넥슨,RPG; 액션/슈팅,TRUE,TRUE,FALSE,FALSE,원작의 액션 쾌감을 수동 조작으로 구현한 대표 액션 RPG,https://play-lh.googleusercontent.com/nithn0YhAhZ4z3zpKlGGPPFxK8NjHcSkV1q-S8L_CNA5LWwUVDaSQ5SHM-hBFgbjBYNkVq-GpiUyLweMdwMy=s96-rw
GAME_0094,바람의나라: 연,넥슨,RPG,TRUE,TRUE,TRUE,FALSE,국내 최장수 IP 바람의나라 감성을 담은 2D 도트 MMORPG,https://play-lh.googleusercontent.com/1afUY9RAtoqw88v1p2mbEwY8gKAEpQYi-WXGnjAcqUG37mt2Gp0fHdDnyEe0VtArD7Mf3Lrf4U2cFtPXIYeG=s96-rw
GAME_0095,V4,넥슨,RPG,TRUE,TRUE,FALSE,FALSE,인터 서버 중심 대규모 필드 전투의 정통 MMORPG,https://play-lh.googleusercontent.com/sAzG4D3rMT5JMQ1mTGRA8Iv8Fgyxwn1nE0VaQ6EAarflN0ZSczpOLiDmumWXRV2Vqpo9CLjWj929GicBRlf29Q=s96-rw
GAME_0096,제2의 나라: Cross Worlds,넷마블,RPG,TRUE,TRUE,FALSE,FALSE,카툰 렌더링과 지브리 감성 그래픽의 오픈월드 MMORPG,https://play-lh.googleusercontent.com/eyREl29W_9xiGGSh1IInIHHKNfHUoo7aJ1epmvuTQvYtmr4fF6bd6m6ZxRe9_eDxm6LWLhsudOwVT0thsP6aRA=s96-rw
GAME_0097,아키에이지 워,카카오게임즈,RPG; 전략,TRUE,TRUE,FALSE,FALSE,원작 IP 기반의 대규모 심리스 해상/지상 전쟁 MMORPG,https://play-lh.googleusercontent.com/SQ2uUMPJ8hZwuJ5Yo0-Y9wG1b-yvCn0IQKDBf3gqcveW9RKOV-GaCSyHP0x7VqadLaflX0JuQK9wd2qbrO_hVQ=s96-rw
GAME_0098,가디언 테일즈,카카오게임즈,RPG; 퍼즐,TRUE,TRUE,FALSE,FALSE,레트로 도트 감성과 패러디 요소 가득한 모험 퍼즐 RPG,https://play-lh.googleusercontent.com/9XNxEF-mBYC08fpWqOYweiJTGo_STPuHzi8O565no0oN288VW8ESHVz-IaHzOMY_alOeKBxpGZz7A7pMmeM9Vg=s96-rw
GAME_0099,명조: 워더링 웨이브,쿠로게임즈,RPG; 액션/슈팅,TRUE,TRUE,FALSE,TRUE,자유로운 공중 전투와 반사 신경 중심 오픈월드 RPG,https://play-lh.googleusercontent.com/f8SoRHdK3E8ofPV6ZbXG-TkcNtXiGmgXnPLl_zjHh6OsSQ1yZqbDIDWFI2P7UCnAQGY_C9VUv2Q8P87CIAqH=s96-rw
GAME_0100,에픽세븐,스마일게이트,RPG,TRUE,TRUE,FALSE,FALSE,고퀄리티 애니메이션 Cut-in 연출의 정통 턴제 RPG,https://play-lh.googleusercontent.com/khhEfCaE7oXzhA2a_s0r0GOuI3bxUrEkAmrTOpp6TrJH123qelDdKknrQhEsnZRdJ21Y-xa4A4nf-o6XhvfFqqQ=s96-rw
GAME_0101,스노우브레이크: 포비든 존,시구안,RPG; 액션/슈팅,TRUE,TRUE,FALSE,FALSE,3D 미소녀 캐릭터와 슈팅 액션의 서브컬처 RPG,https://play-lh.googleusercontent.com/HdfryY7t1Jg8FLK-erDCxBXtIclCl3PQDH-L4kkI0_r-T-WKTgth4mNKJ-_wBT5cMH2xU2VlYsKeZnLryiCW2A=w480-h960-rw
GAME_0102,랑그릿사 모바일,zlongame,RPG; 전략,TRUE,TRUE,FALSE,FALSE,고전 SRPG 명작 랑그릿사의 모바일 정식 수집형 전략,https://play-lh.googleusercontent.com/c_J1khfDvnAFDsj0VAeBS_SrMZd4AYLMgf4KPBGhc1NsMlfKfvJIrmy0oR2gVjrqbJrau47CQQYTL6w7Hb0jBX8=s96-rw
GAME_0103,라그나로크 오리진,그라비티,RPG; 캐주얼,TRUE,TRUE,FALSE,FALSE,원작 라그나로크의 감성을 고화질 3D로 구현한 MMORPG,https://play-lh.googleusercontent.com/ED8gHnN8SOn8bl7TYnBs23bbCWlcsPIs1FKcx8mj8TvhYUoIWevEn6eEKHKvAe_5xUN8BC5JpSq0eg855-H9=s96-rw
GAME_0104,페르소나5: 더 팬텀 X,Perfect World / SEGA,시뮬레이션,TRUE,TRUE,FALSE,TRUE,콘솔 명작 페르소나 5 IP 기반의 정식 모바일 수집형 턴제 RPG,https://play-lh.googleusercontent.com/I75zDXuNUGQEoyhVhldvdH8Qigzko3ULaejecUlB3REdlVmhIpEDz95A_GQqKStXgYMdKmqaMK6OLoEc0FS2UZ0=s96-rw
GAME_0105,프로젝트 세카이 컬러풀 스테이지! feat.하츠네 미쿠,SEGA / Crypton,RPG,TRUE,TRUE,FALSE,FALSE,하츠네 미쿠와 보컬로이드 곡들을 즐기는 모바일 리듬 게임,https://play-lh.googleusercontent.com/nM_bMwQmt0epELSrXmA57q5NHesrR_Nj_bt5-IV34cwNk3DFtWLQM7WCxZ6tyIrbXu_3gDyPxK1-h87s78aq=w480-h960-rw
GAME_0106,블루 아카이브,Nexon Games,캐주얼,TRUE,TRUE,TRUE,TRUE,학원 도시에서 펼쳐지는 스승과 학생들의 일상 수집형 RPG,https://play-lh.googleusercontent.com/vlVAv0UGD-knTIap84gJDkKZlnZjzhgYdAU3W6mRVkzIjc-rxtRcy5EHud3Om2haqzqW9-73AjYnYiuSluy39S4=s96-rw
GAME_0107,클래시 오브 클랜,Supercell,RPG,TRUE,TRUE,FALSE,FALSE,마을을 약탈하고 클랜전을 벌이는 슈퍼셀의 대표 전략 SLG,https://play-lh.googleusercontent.com/gX_sXesdzLc9C4tancLSiJKZom_gLi7Uc5cMfaC-zaY0gvFbXV_DTRZFNqlVx6USMWkqglYgr-k0NeaUq5zE=s96-rw
GAME_0108,클래시 로얄,Supercell,전략; 캐주얼,TRUE,TRUE,FALSE,FALSE,덱을 구성해 실시간으로 상대 타워를 파괴하는 카드 배틀 전략,https://play-lh.googleusercontent.com/z0rspJKftanEI7MA4WOdypbaaHfeKy4UjoawRGKf4Ys3v6LrrcleZWOfms7XK-J33Oqyfm3DlFd4Z_eKWafVFg=s96-rw
GAME_0109,전략적 팀 전투 (TFT),Riot Games,전략; 보드/카드,TRUE,TRUE,FALSE,FALSE,리그 오브 레전드 챔피언으로 덱을 짜서 전투하는 오토체스,https://play-lh.googleusercontent.com/wy8xCVA9q2_1cO6N8i3aVthK3U5BVUadpFAhW560Z-zTr6iU8eACjNkKVl1TX1VPzxsPpj2vz6pwDK682m16K1o=s96-rw
GAME_0110,리그 오브 레전드: 와일드 리프트,Riot Games,스포츠; 전략,TRUE,TRUE,FALSE,FALSE,PC 롤의 재미를 모바일 5v5 MOBA로 정교하게 구현한 게임,https://play-lh.googleusercontent.com/7-kbcpgrCOE1mleJ9g0d61sJeoqKcQRIj4iFvJ8DjPlRIfocOWfOQsXzKWw2I5oHySVdbjR2fvzfCCz1FYQ-RQ=s96-rw
GAME_0111,하스스톤 (Hearthstone),Blizzard Entertainment,스포츠; 액션/슈팅,TRUE,TRUE,FALSE,FALSE,워크래프트 세계관 기반의 블리자드 대표 모바일 TCG 카드 게임,https://play-lh.googleusercontent.com/Ho2UMDCefu9_FD_j9NURUf9WZHB6q6iWorKKH1C53DGtMP5C0bLqsfww8XhCHr8K62_3wCGczYsINQ6noRP5GQ=s96-rw
GAME_0112,헤븐 번즈 레드,카카오게임즈 / WFS,전략; 보드/카드,TRUE,TRUE,FALSE,FALSE,Key사 감동 스토리 중심의 고퀄리티 미소녀 수집형 RPG,https://play-lh.googleusercontent.com/DnycnmD8KglZo2Bep7OQ7W5HiZnqdbsyqQL7EOOSjqY_IxukzzW_MPlyDghuWBL9Vguls1krtG5Vt66yyiKEgA=s96-rw
GAME_0113,아우터플레인,스마일게이트,RPG,TRUE,TRUE,FALSE,FALSE,화려한 3D 액션 Cut-in 연출과 전략 요소의 수집형 턴제 RPG,https://play-lh.googleusercontent.com/99NGysOPsOf4LzhBg8SYE2KKnfeLcQ0cQ0NRcm04Pn5HufYvfMa4qS88V3ty7egqwpXZxADPs7IRHiGEbV3GWnw=s96-rw
GAME_0114,카오스 제로 나이트메어,스마일게이트,RPG; 보드/카드,TRUE,TRUE,FALSE,FALSE,에픽세븐 개발진의 신작 다크 판타지 덱빌딩 수집형 RPG,https://play-lh.googleusercontent.com/rZ0kLPx7Y_zRavJ1TImLv3oj0HYRrye8K9wJOuegTIrfxaS2qyGu9tWJcXphO0ELMfj3BgOSG_BPKKVST6zDPg=s96-rw
GAME_0115,프리파이어 (Free Fire),Garena,액션/슈팅,TRUE,TRUE,FALSE,FALSE,가레나의 글로벌 대표 3인칭 모바일 배틀로얄 슈팅 게임,https://play-lh.googleusercontent.com/JT88XmsHoGDio7FxONwh382DhuTxuccfMmWFDtRBFjilySzNqWOCxUhqm8IhBKzQSwVrW2HWp_XvSgKFwi3ETA=s96-rw
GAME_0116,제5인격 (Identity V),NetEase Games,캐주얼,TRUE,TRUE,FALSE,FALSE,넷이즈의 대표 4v1 비대칭 생존 스릴러 추리 게임,https://play-lh.googleusercontent.com/TInj0KYJu5pubhK7iEaUAGIzxavLzjFT76Ei6okqcnQw-njQUnQkp9Vkz70aWf6-NA0PixqEGKs0RFBa4XyglZ4=s96-rw
GAME_0117,콜 오브 듀티: 모바일,Activision / Tencent,액션/슈팅,TRUE,TRUE,FALSE,FALSE,콜 오브 듀티 IP 기반의 글로벌 대표 모바일 FPS 슈팅,https://play-lh.googleusercontent.com/gwrdY5_vXOxa0FVi78gTSBYo3W9LeyOzCaHEWZb-dyjRAPgNApkw2yd0gN4fohW96qnoRIsSpLloHHGh4EZhyw=s96-rw
GAME_0118,모바일 레전드: 뱅뱅,Moonton,액션/슈팅,TRUE,TRUE,FALSE,FALSE,글로벌 대규모 유저층을 보유한 모바일 5v5 MOBA,https://play-lh.googleusercontent.com/D8r13ijO9c-0_1N-CP4d63mR1w6YhDuR2mBQUl27ELJAx0sKdaKtM5vCUnSLODKBVzUx7rZ9cW4Ir9jYiufsSQ=s96-rw
GAME_0119,아스팔트: 레전드,Gameloft,스포츠,TRUE,TRUE,FALSE,TRUE,게임로프트의 하이엔드 3D 모바일 아케이드 레이싱,https://play-lh.googleusercontent.com/53ngsanoIl6vcppIwZD2LGMcjT9j5beVN_GakLncwrIr7WjTXYs6lnaSef-zlKmWr2NaaoSmMs1qQjtyXgLnSiw=s96-rw
GAME_0120,포트나이트 (Fortnite),Epic Games,액션/슈팅; 메타버스/AR,TRUE,TRUE,FALSE,FALSE,에픽게임즈의 글로벌 대표 건물 구축 배틀로얄 슈팅,https://play-lh.googleusercontent.com/cveL3gVZw3pTVHlki-HjTQuLq4r2NJwfFbOIn3ldLDHKA0-zfOJAp50JSy9jVnKgA3_qtwX0D5HhruNbZLxrUA=s96-rw
GAME_0121,원피스 트레저 크루즈,Bandai Namco,RPG,TRUE,TRUE,FALSE,FALSE,원피스 공식 IP 기반의 글로벌 턴제 수집형 RPG,https://play-lh.googleusercontent.com/OxGBZzboa7ySZzmCfhLa8DpjH8rKdUjBnHOszHuvamdJC01wLhmnxZMR-C3ALnCSCP3NsCCcUN18Jt3kOiap=s96-rw
GAME_0122,드래곤볼 Z 폭렬격전,Bandai Namco,RPG; 퍼즐,TRUE,TRUE,FALSE,FALSE,드래곤볼 IP 기반의 드래곤볼 파이팅 퍼즐 RPG,https://play-lh.googleusercontent.com/Ocriolf6VBkbevJE5xWma3bD3suVqdWQGjlbrITwutUtTxzQlBtbWko5qOBWR-tK6qEwXm9YKoQuE3A6dRZE=s96-rw
GAME_0123,MARVEL 퓨처파이트,넷마블 / Marvel,RPG; 액션/슈팅,TRUE,TRUE,FALSE,FALSE,마블 히어로 및 빌런들을 모아 싸우는 수집형 액션 RPG,https://play-lh.googleusercontent.com/AJu2Xz_kntkH5ZKf3LLrIgf5WlRtaGJ6lgCUr0NLohcdlAfM8NKJMJSZcpLhz480UNQ_Ugt_4HBzr4pzRC3NvbI=s96-rw